passo,tempo,msd,rmsd,media_posicoes
0,0.0000,0.000000,0.000000,0.000000
1,1.0000,1.000000,1.000000,-0.040000
2,2.0000,2.120000,1.456022,0.020000
3,3.0000,3.560000,1.886796,-0.160000
4,4.0000,4.800000,2.190890,-0.280000
5,5.0000,5.800000,2.408319,-0.300000
6,6.0000,7.640000,2.764055,-0.380000
7,7.0000,8.600000,2.932576,-0.200000
8,8.0000,11.120000,3.334666,-0.240000
9,9.0000,11.640000,3.411744,-0.100000
10,10.0000,12.280000,3.504283,-0.100000
11,11.0000,12.600000,3.549648,-0.240000
12,12.0000,13.160000,3.627671,-0.340000
13,13.0000,14.840000,3.852272,-0.320000
14,14.0000,16.120000,4.014972,-0.340000
15,15.0000,16.760000,4.093898,-0.240000
16,16.0000,18.160000,4.261455,-0.360000
17,17.0000,18.280000,4.275512,-0.300000
18,18.0000,19.520000,4.418144,-0.240000
19,19.0000,20.440000,4.521062,-0.220000
20,20.0000,21.200000,4.604346,-0.120000
21,21.0000,22.120000,4.703190,-0.240000
22,22.0000,23.720000,4.870318,-0.500000
23,23.0000,24.760000,4.975942,-0.440000
24,24.0000,25.880000,5.087239,-0.580000
25,25.0000,26.360000,5.134199,-0.600000
26,26.0000,27.440000,5.238320,-0.520000
27,27.0000,28.360000,5.325411,-0.560000
28,28.0000,28.680000,5.355371,-0.500000
29,29.0000,29.640000,5.444263,-0.560000
30,30.0000,31.360000,5.600000,-0.440000
31,31.0000,31.480000,5.610704,-0.480000
32,32.0000,32.040000,5.660389,-0.540000
33,33.0000,32.520000,5.702631,-0.520000
34,34.0000,34.360000,5.861740,-0.420000
35,35.0000,36.200000,6.016644,-0.500000
36,36.0000,37.920000,6.157922,-0.480000
37,37.0000,39.480000,6.283311,-0.620000
38,38.0000,40.520000,6.365532,-0.700000
39,39.0000,41.080000,6.409368,-0.600000
40,40.0000,41.800000,6.465292,-0.620000
41,41.0000,43.320000,6.581793,-0.580000
42,42.0000,43.400000,6.587868,-0.460000
43,43.0000,45.000000,6.708204,-0.460000
44,44.0000,44.680000,6.684310,-0.420000
45,45.0000,43.720000,6.612110,-0.380000
46,46.0000,44.240000,6.651316,-0.400000
47,47.0000,45.560000,6.749815,-0.420000
48,48.0000,44.000000,6.633250,-0.360000
49,49.0000,44.040000,6.636264,-0.340000
50,50.0000,45.080000,6.714164,-0.260000
51,51.0000,48.360000,6.954135,-0.200000
52,52.0000,49.320000,7.022820,-0.260000
53,53.0000,49.000000,7.000000,-0.340000
54,54.0000,47.800000,6.913754,-0.340000
55,55.0000,47.640000,6.902174,-0.360000
56,56.0000,50.120000,7.079548,-0.420000
57,57.0000,51.240000,7.158212,-0.320000
58,58.0000,54.400000,7.375636,-0.400000
59,59.0000,55.720000,7.464583,-0.460000
60,60.0000,54.400000,7.375636,-0.600000
61,61.0000,57.160000,7.560423,-0.540000
62,62.0000,58.680000,7.660287,-0.540000
63,63.0000,59.720000,7.727872,-0.720000
64,64.0000,58.480000,7.647222,-0.720000
65,65.0000,59.800000,7.733046,-0.800000
66,66.0000,60.800000,7.797435,-0.960000
67,67.0000,64.520000,8.032434,-1.000000
68,68.0000,66.160000,8.133880,-0.960000
69,69.0000,68.920000,8.301807,-1.020000
70,70.0000,70.400000,8.390471,-1.000000
71,71.0000,72.200000,8.497058,-0.900000
72,72.0000,71.760000,8.471127,-0.720000
73,73.0000,72.120000,8.492349,-0.800000
74,74.0000,72.640000,8.522910,-0.800000
75,75.0000,72.920000,8.539321,-0.840000
76,76.0000,75.240000,8.674099,-0.980000
77,77.0000,73.640000,8.581375,-0.980000
78,78.0000,74.840000,8.651012,-0.900000
79,79.0000,77.000000,8.774964,-0.960000
80,80.0000,76.560000,8.749857,-0.840000
81,81.0000,78.760000,8.874683,-0.800000
82,82.0000,80.720000,8.984431,-0.800000
83,83.0000,80.840000,8.991107,-0.760000
84,84.0000,82.680000,9.092854,-0.660000
85,85.0000,82.520000,9.084052,-0.620000
86,86.0000,88.040000,9.382963,-0.700000
87,87.0000,90.120000,9.493155,-0.660000
88,88.0000,91.720000,9.577056,-0.660000
89,89.0000,91.720000,9.577056,-0.660000
90,90.0000,91.960000,9.589578,-0.620000
91,91.0000,93.640000,9.676776,-0.440000
92,92.0000,96.440000,9.820387,-0.500000
93,93.0000,94.600000,9.726253,-0.480000
94,94.0000,99.240000,9.961928,-0.420000
95,95.0000,101.800000,10.089599,-0.380000
96,96.0000,100.640000,10.031949,-0.200000
97,97.0000,100.120000,10.005998,-0.040000
98,98.0000,101.280000,10.063797,-0.120000
99,99.0000,106.280000,10.309219,-0.140000
100,100.0000,104.360000,10.215674,-0.260000
